ID,Query,Response,Context
1.0,"Hi there, can you tell me more about your university?","Our university offers a wide range of programs across multiple disciplines like Computer Science, Business, Engineering, and more. How can I assist you?",Introduction to university offerings
1.1,Can you give me details about your university?,"Our university offers a wide range of programs across multiple disciplines like Computer Science, Business, Engineering, and more. How can I assist you?",Introduction to university offerings
1.2,What can you tell me about your university?,"Our university offers a wide range of programs across multiple disciplines like Computer Science, Business, Engineering, and more. How can I assist you?",Introduction to university offerings
1.3,Tell me more about your university programs.,"Our university offers a wide range of programs across multiple disciplines like Computer Science, Business, Engineering, and more. How can I assist you?",Introduction to university offerings
1.4,Could you explain your university's offerings?,"Our university offers a wide range of programs across multiple disciplines like Computer Science, Business, Engineering, and more. How can I assist you?",Introduction to university offerings
1.5,What courses does your university offer?,"Our university offers a wide range of programs across multiple disciplines like Computer Science, Business, Engineering, and more. How can I assist you?",Introduction to university offerings
1.6,Tell me about the programs at your university.,"Our university offers a wide range of programs across multiple disciplines like Computer Science, Business, Engineering, and more. How can I assist you?",Introduction to university offerings
1.7,What's special about your university?,"Our university offers a wide range of programs across multiple disciplines like Computer Science, Business, Engineering, and more. How can I assist you?",Introduction to university offerings
2.0,"Hi, how can you help me?","I'm Admission Bot for Sheffield University, I'm here to assist you with information about admissions, courses, deadlines, and more. What would you like to know?",Casual greeting and introduction
2.1,What can you do to assist me?,"I'm Admission Bot for Sheffield University, I'm here to assist you with information about admissions, courses, deadlines, and more. What would you like to know?",Casual greeting and introduction
2.2,How can you help me with university-related queries?,"I'm Admission Bot for Sheffield University, I'm here to assist you with information about admissions, courses, deadlines, and more. What would you like to know?",Casual greeting and introduction
2.3,Can you explain how you can help me?,"I'm Admission Bot for Sheffield University, I'm here to assist you with information about admissions, courses, deadlines, and more. What would you like to know?",Casual greeting and introduction
2.4,What kind of help can you offer?,"I'm Admission Bot for Sheffield University, I'm here to assist you with information about admissions, courses, deadlines, and more. What would you like to know?",Casual greeting and introduction
2.5,How can you assist me with admissions?,"I'm Admission Bot for Sheffield University, I'm here to assist you with information about admissions, courses, deadlines, and more. What would you like to know?",Casual greeting and introduction
2.6,What help can you provide for the admission process?,"I'm Admission Bot for Sheffield University, I'm here to assist you with information about admissions, courses, deadlines, and more. What would you like to know?",Casual greeting and introduction
2.7,What support do you offer?,"I'm Admission Bot for Sheffield University, I'm here to assist you with information about admissions, courses, deadlines, and more. What would you like to know?",Casual greeting and introduction
3.0,"Bye, thanks for the help!",You're welcome! Feel free to reach out anytime. Have a great day!,Conversational goodbye
3.1,"Thanks for the help, goodbye!",You're welcome! Feel free to reach out anytime. Have a great day!,Conversational goodbye
3.2,"I appreciate your help, take care!",You're welcome! Feel free to reach out anytime. Have a great day!,Conversational goodbye
3.3,"Thanks for everything, talk to you later!",You're welcome! Feel free to reach out anytime. Have a great day!,Conversational goodbye
3.4,"Alright, thanks! Goodbye!",You're welcome! Feel free to reach out anytime. Have a great day!,Conversational goodbye
3.5,"Thank you, have a nice day!",You're welcome! Feel free to reach out anytime. Have a great day!,Conversational goodbye
3.6,"Cheers for the help, see you!",You're welcome! Feel free to reach out anytime. Have a great day!,Conversational goodbye
3.7,"Bye for now, thanks!",You're welcome! Feel free to reach out anytime. Have a great day!,Conversational goodbye
4.0,"Okay, thanks!","No problem, happy to help! Let me know if you have any more questions.",Casual acknowledgement
4.1,Thanks a lot!,"No problem, happy to help! Let me know if you have any more questions.",Casual acknowledgement
4.2,"Alright, thank you!","No problem, happy to help! Let me know if you have any more questions.",Casual acknowledgement
4.3,"Thanks, I appreciate it!","No problem, happy to help! Let me know if you have any more questions.",Casual acknowledgement
4.4,"Cool, thank you!","No problem, happy to help! Let me know if you have any more questions.",Casual acknowledgement
4.5,"Great, thanks!","No problem, happy to help! Let me know if you have any more questions.",Casual acknowledgement
4.6,"Got it, thanks!","No problem, happy to help! Let me know if you have any more questions.",Casual acknowledgement
4.7,Appreciate the help!,"No problem, happy to help! Let me know if you have any more questions.",Casual acknowledgement
5.0,What are the admission requirements?,"To apply, you'll need to submit your transcripts, test scores, a completed application form, and a personal statement.",General admission details
5.1,What do I need for admission?,"To apply, you'll need to submit your transcripts, test scores, a completed application form, and a personal statement.",General admission details
5.2,What are the necessary documents for applying?,"To apply, you'll need to submit your transcripts, test scores, a completed application form, and a personal statement.",General admission details
5.3,What are the requirements to apply?,"To apply, you'll need to submit your transcripts, test scores, a completed application form, and a personal statement.",General admission details
5.4,What documents do I need to submit for admission?,"To apply, you'll need to submit your transcripts, test scores, a completed application form, and a personal statement.",General admission details
5.5,Can you tell me the admission requirements?,"To apply, you'll need to submit your transcripts, test scores, a completed application form, and a personal statement.",General admission details
5.6,What is required to get admitted?,"To apply, you'll need to submit your transcripts, test scores, a completed application form, and a personal statement.",General admission details
5.7,What should I submit to apply?,"To apply, you'll need to submit your transcripts, test scores, a completed application form, and a personal statement.",General admission details
6.0,What is the minimum GPA requirement?,"The minimum GPA requirement for most programs is 3.0. For competitive programs, a higher GPA may be required.",GPA criteria for admissions
6.1,What's the required GPA to apply?,"The minimum GPA requirement for most programs is 3.0. For competitive programs, a higher GPA may be required.",GPA criteria for admissions
6.2,How much GPA do I need for admission?,"The minimum GPA requirement for most programs is 3.0. For competitive programs, a higher GPA may be required.",GPA criteria for admissions
6.3,What GPA is needed to apply to your university?,"The minimum GPA requirement for most programs is 3.0. For competitive programs, a higher GPA may be required.",GPA criteria for admissions
6.4,What's the minimum grade point average required?,"The minimum GPA requirement for most programs is 3.0. For competitive programs, a higher GPA may be required.",GPA criteria for admissions
6.5,What's the lowest GPA I need to be eligible?,"The minimum GPA requirement for most programs is 3.0. For competitive programs, a higher GPA may be required.",GPA criteria for admissions
6.6,Is there a GPA cut-off for applying?,"The minimum GPA requirement for most programs is 3.0. For competitive programs, a higher GPA may be required.",GPA criteria for admissions
7.0,What documents are needed for admission?,"Required documents include your transcripts, test scores, letters of recommendation, and a personal statement.",Required documents for admission
7.1,What paperwork is needed to apply?,"Required documents include your transcripts, test scores, letters of recommendation, and a personal statement.",Required documents for admission
7.2,Which documents do I need to submit?,"Required documents include your transcripts, test scores, letters of recommendation, and a personal statement.",Required documents for admission
7.3,What should I provide for admission?,"Required documents include your transcripts, test scores, letters of recommendation, and a personal statement.",Required documents for admission
7.4,What are the required documents for applying to your university?,"Required documents include your transcripts, test scores, letters of recommendation, and a personal statement.",Required documents for admission
7.5,What documents should I submit for admission?,"Required documents include your transcripts, test scores, letters of recommendation, and a personal statement.",Required documents for admission
7.6,Which files are needed for the application process?,"Required documents include your transcripts, test scores, letters of recommendation, and a personal statement.",Required documents for admission
8.0,What are the residency requirements?,Residency requirements vary by program. Please check our website for detailed information about the specific residency policies.,Residency requirements for different programs
8.1,What residency rules apply to your university?,Residency requirements vary by program. Please check our website for detailed information about the specific residency policies.,Residency requirements for different programs
8.2,Can you explain the residency requirements?,Residency requirements vary by program. Please check our website for detailed information about the specific residency policies.,Residency requirements for different programs
8.3,What are the residence criteria for students?,Residency requirements vary by program. Please check our website for detailed information about the specific residency policies.,Residency requirements for different programs
8.4,What does your university require for residency?,Residency requirements vary by program. Please check our website for detailed information about the specific residency policies.,Residency requirements for different programs
8.5,Can you tell me about your university's residency policies?,Residency requirements vary by program. Please check our website for detailed information about the specific residency policies.,Residency requirements for different programs
8.6,What residency conditions apply to students?,Residency requirements vary by program. Please check our website for detailed information about the specific residency policies.,Residency requirements for different programs
9.0,Can I defer my admission?,You can request a deferral by contacting the admissions office before the semester starts.,Admission deferral policy
9.1,Is it possible to defer my admission?,You can request a deferral by contacting the admissions office before the semester starts.,Admission deferral policy
9.2,How do I defer my admission to the next semester?,You can request a deferral by contacting the admissions office before the semester starts.,Admission deferral policy
9.3,Can I delay my admission to a later semester?,You can request a deferral by contacting the admissions office before the semester starts.,Admission deferral policy
9.4,What is the process for deferring admission?,You can request a deferral by contacting the admissions office before the semester starts.,Admission deferral policy
9.5,Is there an option to defer my enrollment?,You can request a deferral by contacting the admissions office before the semester starts.,Admission deferral policy
9.6,Can I push my admission to next year?,You can request a deferral by contacting the admissions office before the semester starts.,Admission deferral policy
10.0,What’s your policy on gap years?,We understand students may need time before starting their studies. You can defer your admission for up to one year by contacting the admissions office.,Gap year policy
10.1,Can I take a gap year before enrolling?,We understand students may need time before starting their studies. You can defer your admission for up to one year by contacting the admissions office.,Gap year policy
10.2,What is the gap year policy at your university?,We understand students may need time before starting their studies. You can defer your admission for up to one year by contacting the admissions office.,Gap year policy
10.3,Do you allow students to take a gap year?,We understand students may need time before starting their studies. You can defer your admission for up to one year by contacting the admissions office.,Gap year policy
10.4,Is there a deferral option for gap years?,We understand students may need time before starting their studies. You can defer your admission for up to one year by contacting the admissions office.,Gap year policy
10.5,Can I take a year off before starting my studies?,We understand students may need time before starting their studies. You can defer your admission for up to one year by contacting the admissions office.,Gap year policy
10.6,Does the university allow students to defer admission for a gap year?,We understand students may need time before starting their studies. You can defer your admission for up to one year by contacting the admissions office.,Gap year policy
11.0,What are the requirements for the MBA program?,"The MBA program requires a bachelor's degree, a minimum GPA of 3.0, GMAT or GRE scores, and at least two years of professional work experience.",MBA program admission requirements
11.1,What do I need to apply for the MBA program?,"The MBA program requires a bachelor's degree, a minimum GPA of 3.0, GMAT or GRE scores, and at least two years of professional work experience.",MBA program admission requirements
11.2,What are the prerequisites for the MBA program?,"The MBA program requires a bachelor's degree, a minimum GPA of 3.0, GMAT or GRE scores, and at least two years of professional work experience.",MBA program admission requirements
11.3,What qualifications do I need for the MBA?,"The MBA program requires a bachelor's degree, a minimum GPA of 3.0, GMAT or GRE scores, and at least two years of professional work experience.",MBA program admission requirements
11.4,What’s needed to apply for your MBA program?,"The MBA program requires a bachelor's degree, a minimum GPA of 3.0, GMAT or GRE scores, and at least two years of professional work experience.",MBA program admission requirements
11.5,What documents do I need to submit for the MBA program?,"The MBA program requires a bachelor's degree, a minimum GPA of 3.0, GMAT or GRE scores, and at least two years of professional work experience.",MBA program admission requirements
12.0,What’s the application process like for international students?,"International students need to submit their transcripts, TOEFL/IELTS scores, passport copies, and financial documents. The process can be completed online.",Application process for international students
12.1,How do international students apply?,"International students need to submit their transcripts, TOEFL/IELTS scores, passport copies, and financial documents. The process can be completed online.",Application process for international students
12.2,What do international applicants need to do?,"International students need to submit their transcripts, TOEFL/IELTS scores, passport copies, and financial documents. The process can be completed online.",Application process for international students
12.3,What steps should international students follow to apply?,"International students need to submit their transcripts, TOEFL/IELTS scores, passport copies, and financial documents. The process can be completed online.",Application process for international students
12.4,What’s the admissions process for international students?,"International students need to submit their transcripts, TOEFL/IELTS scores, passport copies, and financial documents. The process can be completed online.",Application process for international students
12.5,How do I start the application as an international student?,"International students need to submit their transcripts, TOEFL/IELTS scores, passport copies, and financial documents. The process can be completed online.",Application process for international students
13.0,Do international students need to take the TOEFL?,International students are required to submit TOEFL scores or equivalent as proof of English proficiency.,English language requirements
13.1,Is TOEFL mandatory for international applicants?,International students are required to submit TOEFL scores or equivalent as proof of English proficiency.,English language requirements
13.2,Do I need to submit TOEFL as an international student?,International students are required to submit TOEFL scores or equivalent as proof of English proficiency.,English language requirements
13.3,Are TOEFL scores required for non-native English speakers?,International students are required to submit TOEFL scores or equivalent as proof of English proficiency.,English language requirements
13.4,Is TOEFL or IELTS needed for international applicants?,International students are required to submit TOEFL scores or equivalent as proof of English proficiency.,English language requirements
13.5,Do all international students need to provide English proficiency scores?,International students are required to submit TOEFL scores or equivalent as proof of English proficiency.,English language requirements
14.0,Is there financial aid for international students?,We offer financial aid packages and scholarships specifically for international students. Check out our international admissions page for details.,Financial aid options for international students
14.1,Can international students apply for financial aid?,We offer financial aid packages and scholarships specifically for international students. Check out our international admissions page for details.,Financial aid options for international students
14.2,What financial aid options are available for international students?,We offer financial aid packages and scholarships specifically for international students. Check out our international admissions page for details.,Financial aid options for international students
14.3,Is financial support available for international students?,We offer financial aid packages and scholarships specifically for international students. Check out our international admissions page for details.,Financial aid options for international students
14.4,Do international students qualify for scholarships or financial aid?,We offer financial aid packages and scholarships specifically for international students. Check out our international admissions page for details.,Financial aid options for international students
14.5,What financial aid opportunities do you offer for international students?,We offer financial aid packages and scholarships specifically for international students. Check out our international admissions page for details.,Financial aid options for international students
15.0,What scholarships are available for international students?,We offer scholarships for international students based on academic performance and financial need. Please refer to the international student section for details.,Scholarships for international students
15.1,Can international students apply for scholarships?,We offer scholarships for international students based on academic performance and financial need. Please refer to the international student section for details.,Scholarships for international students
15.2,Are there scholarships for non-domestic students?,We offer scholarships for international students based on academic performance and financial need. Please refer to the international student section for details.,Scholarships for international students
15.3,What kind of scholarships can international students apply for?,We offer scholarships for international students based on academic performance and financial need. Please refer to the international student section for details.,Scholarships for international students
15.4,Do you offer scholarships to international applicants?,We offer scholarships for international students based on academic performance and financial need. Please refer to the international student section for details.,Scholarships for international students
15.5,Are there any scholarships aimed at international applicants?,We offer scholarships for international students based on academic performance and financial need. Please refer to the international student section for details.,Scholarships for international students
16.0,How much is the tuition fee?,"The tuition fee for undergraduate programs is $15,000 per year, and for graduate programs, it starts at $20,000 per year.",Information on tuition fees
16.1,What’s the tuition cost?,"The tuition fee for undergraduate programs is $15,000 per year, and for graduate programs, it starts at $20,000 per year.",Information on tuition fees
16.2,How much does tuition cost for your programs?,"The tuition fee for undergraduate programs is $15,000 per year, and for graduate programs, it starts at $20,000 per year.",Information on tuition fees
16.3,What are your tuition fees for undergrad and graduate programs?,"The tuition fee for undergraduate programs is $15,000 per year, and for graduate programs, it starts at $20,000 per year.",Information on tuition fees
16.4,How much is the annual tuition fee?,"The tuition fee for undergraduate programs is $15,000 per year, and for graduate programs, it starts at $20,000 per year.",Information on tuition fees
16.5,What’s the yearly tuition for undergraduate and graduate students?,"The tuition fee for undergraduate programs is $15,000 per year, and for graduate programs, it starts at $20,000 per year.",Information on tuition fees
17.0,Are there any scholarships available?,"We offer a variety of scholarships based on academic merit, financial need, and extracurricular achievements.",Scholarship opportunities
17.1,Do you offer scholarships?,"We offer a variety of scholarships based on academic merit, financial need, and extracurricular achievements.",Scholarship opportunities
17.2,What scholarships are offered by your university?,"We offer a variety of scholarships based on academic merit, financial need, and extracurricular achievements.",Scholarship opportunities
17.3,Are there any financial aid scholarships?,"We offer a variety of scholarships based on academic merit, financial need, and extracurricular achievements.",Scholarship opportunities
17.4,Can I apply for scholarships at your university?,"We offer a variety of scholarships based on academic merit, financial need, and extracurricular achievements.",Scholarship opportunities
17.5,What kind of scholarships are available for students?,"We offer a variety of scholarships based on academic merit, financial need, and extracurricular achievements.",Scholarship opportunities
18.0,How do I apply for financial aid?,"You can apply for financial aid by completing the FAFSA form online, and we'll notify you of your eligibility.",Financial aid application process
18.1,What’s the process for applying for financial aid?,"You can apply for financial aid by completing the FAFSA form online, and we'll notify you of your eligibility.",Financial aid application process
18.2,How can I get financial aid?,"You can apply for financial aid by completing the FAFSA form online, and we'll notify you of your eligibility.",Financial aid application process
18.3,What steps should I take to apply for financial aid?,"You can apply for financial aid by completing the FAFSA form online, and we'll notify you of your eligibility.",Financial aid application process
18.4,Where can I apply for financial assistance?,"You can apply for financial aid by completing the FAFSA form online, and we'll notify you of your eligibility.",Financial aid application process
18.5,What do I need to do to secure financial aid?,"You can apply for financial aid by completing the FAFSA form online, and we'll notify you of your eligibility.",Financial aid application process
19.0,How can I apply for scholarships?,You can apply for scholarships through the financial aid office. Be sure to check out the deadlines and eligibility requirements for each scholarship.,Scholarship application process
19.1,What’s the process for applying for scholarships?,You can apply for scholarships through the financial aid office. Be sure to check out the deadlines and eligibility requirements for each scholarship.,Scholarship application process
19.2,How do I get a scholarship?,You can apply for scholarships through the financial aid office. Be sure to check out the deadlines and eligibility requirements for each scholarship.,Scholarship application process
19.3,What do I need to do to apply for scholarships?,You can apply for scholarships through the financial aid office. Be sure to check out the deadlines and eligibility requirements for each scholarship.,Scholarship application process
19.4,Can I apply for scholarships through the financial aid office?,You can apply for scholarships through the financial aid office. Be sure to check out the deadlines and eligibility requirements for each scholarship.,Scholarship application process
19.5,What are the steps to apply for scholarships?,You can apply for scholarships through the financial aid office. Be sure to check out the deadlines and eligibility requirements for each scholarship.,Scholarship application process
20.0,What’s the cost of attendance?,"The cost of attendance depends on the program, but you can find detailed information about tuition and fees on our website. Scholarships and financial aid are also available.",Information on cost of attendance
20.1,How much does it cost to attend your university?,"The cost of attendance depends on the program, but you can find detailed information about tuition and fees on our website. Scholarships and financial aid are also available.",Information on cost of attendance
20.2,What is the total cost of attending?,"The cost of attendance depends on the program, but you can find detailed information about tuition and fees on our website. Scholarships and financial aid are also available.",Information on cost of attendance
20.3,Can you provide information about the cost of attendance?,"The cost of attendance depends on the program, but you can find detailed information about tuition and fees on our website. Scholarships and financial aid are also available.",Information on cost of attendance
20.4,What are the expenses for attending your university?,"The cost of attendance depends on the program, but you can find detailed information about tuition and fees on our website. Scholarships and financial aid are also available.",Information on cost of attendance
20.5,How much should I budget for attendance?,"The cost of attendance depends on the program, but you can find detailed information about tuition and fees on our website. Scholarships and financial aid are also available.",Information on cost of attendance
21.0,When is the last date to apply?,The deadline for submitting applications is November 30th for the fall semester and June 30th for the spring semester.,Application submission dates
21.1,What’s the final date for applications?,The deadline for submitting applications is November 30th for the fall semester and June 30th for the spring semester.,Application submission dates
21.2,Can you tell me the application deadline?,The deadline for submitting applications is November 30th for the fall semester and June 30th for the spring semester.,Application submission dates
21.3,What is the last day to submit my application?,The deadline for submitting applications is November 30th for the fall semester and June 30th for the spring semester.,Application submission dates
21.4,When do applications need to be submitted?,The deadline for submitting applications is November 30th for the fall semester and June 30th for the spring semester.,Application submission dates
21.5,What is the cutoff date for applying?,The deadline for submitting applications is November 30th for the fall semester and June 30th for the spring semester.,Application submission dates
22.0,What is the deadline for Spring 2025 admissions?,"The deadline for Spring 2025 applications is August 30, 2024.",Application deadline for Spring 2025
22.1,When do I need to submit my application for Spring 2025?,"The deadline for Spring 2025 applications is August 30, 2024.",Application deadline for Spring 2025
22.2,Can you provide the Spring 2025 application deadline?,"The deadline for Spring 2025 applications is August 30, 2024.",Application deadline for Spring 2025
22.3,What’s the last date to apply for Spring 2025?,"The deadline for Spring 2025 applications is August 30, 2024.",Application deadline for Spring 2025
22.4,When is the application cutoff for Spring 2025?,"The deadline for Spring 2025 applications is August 30, 2024.",Application deadline for Spring 2025
22.5,What is the final date to apply for Spring 2025 admissions?,"The deadline for Spring 2025 applications is August 30, 2024.",Application deadline for Spring 2025
23.0,What are the deadlines for Fall 2025?,"The deadline for Fall 2025 applications is November 30, 2024, so be sure to submit your documents by then!",Application deadlines for Fall 2025
23.1,When do I need to apply for Fall 2025?,"The deadline for Fall 2025 applications is November 30, 2024, so be sure to submit your documents by then!",Application deadlines for Fall 2025
23.2,Can you tell me the application deadline for Fall 2025?,"The deadline for Fall 2025 applications is November 30, 2024, so be sure to submit your documents by then!",Application deadlines for Fall 2025
23.3,What’s the last date to apply for Fall 2025?,"The deadline for Fall 2025 applications is November 30, 2024, so be sure to submit your documents by then!",Application deadlines for Fall 2025
23.4,When is the cutoff date for Fall 2025 applications?,"The deadline for Fall 2025 applications is November 30, 2024, so be sure to submit your documents by then!",Application deadlines for Fall 2025
23.5,What is the final date for Fall 2025 applications?,"The deadline for Fall 2025 applications is November 30, 2024, so be sure to submit your documents by then!",Application deadlines for Fall 2025
24.0,Can you tell me the important semester dates?,"Fall 2024 starts on October 1, 2024. Spring 2025 begins on February 1, 2025. Fall 2025 begins on October 1, 2025, and Spring 2026 starts on February 1, 2026.",Important dates for upcoming semesters
24.1,What are the key semester dates for the upcoming terms?,"Fall 2024 starts on October 1, 2024. Spring 2025 begins on February 1, 2025. Fall 2025 begins on October 1, 2025, and Spring 2026 starts on February 1, 2026.",Important dates for upcoming semesters
24.2,Can you provide the semester start dates?,"Fall 2024 starts on October 1, 2024. Spring 2025 begins on February 1, 2025. Fall 2025 begins on October 1, 2025, and Spring 2026 starts on February 1, 2026.",Important dates for upcoming semesters
24.3,When do the semesters begin?,"Fall 2024 starts on October 1, 2024. Spring 2025 begins on February 1, 2025. Fall 2025 begins on October 1, 2025, and Spring 2026 starts on February 1, 2026.",Important dates for upcoming semesters
24.4,What are the important dates for the academic calendar?,"Fall 2024 starts on October 1, 2024. Spring 2025 begins on February 1, 2025. Fall 2025 begins on October 1, 2025, and Spring 2026 starts on February 1, 2026.",Important dates for upcoming semesters
24.5,What are the semester start dates for the next academic year?,"Fall 2024 starts on October 1, 2024. Spring 2025 begins on February 1, 2025. Fall 2025 begins on October 1, 2025, and Spring 2026 starts on February 1, 2026.",Important dates for upcoming semesters
25.0,When do classes start for the fall semester?,"Classes for Fall 2024 begin on October 1, 2024. Spring 2025 starts on February 1, 2025. Check the academic calendar for future dates.",Class start dates
25.1,What is the start date for fall classes?,"Classes for Fall 2024 begin on October 1, 2024. Spring 2025 starts on February 1, 2025. Check the academic calendar for future dates.",Class start dates
25.2,When do the fall semester classes begin?,"Classes for Fall 2024 begin on October 1, 2024. Spring 2025 starts on February 1, 2025. Check the academic calendar for future dates.",Class start dates
25.3,What’s the start date for classes in the fall?,"Classes for Fall 2024 begin on October 1, 2024. Spring 2025 starts on February 1, 2025. Check the academic calendar for future dates.",Class start dates
25.4,When will fall semester classes commence?,"Classes for Fall 2024 begin on October 1, 2024. Spring 2025 starts on February 1, 2025. Check the academic calendar for future dates.",Class start dates
25.5,What date do classes start in the fall semester?,"Classes for Fall 2024 begin on October 1, 2024. Spring 2025 starts on February 1, 2025. Check the academic calendar for future dates.",Class start dates
26.0,Can you tell me when the Spring 2025 semester starts?,"Spring 2025 starts on February 1, 2025. If you're planning to apply, be sure to submit your application before the deadline!",Start dates for Spring 2025 semester
26.1,What’s the start date for Spring 2025?,"Spring 2025 begins on February 1, 2025. If you plan to apply, ensure that you submit your application before the deadline!",Start dates for Spring 2025 semester
26.2,When does the Spring 2025 semester begin?,"Spring 2025 kicks off on February 1, 2025. Remember to submit your application ahead of the deadline if you're planning to apply!",Start dates for Spring 2025 semester
26.3,When do classes start in Spring 2025?,"Classes for Spring 2025 start on February 1, 2025. Make sure to submit your application before the deadline if you intend to apply!",Start dates for Spring 2025 semester
26.4,What’s the first day of Spring 2025 semester?,"Spring 2025 will begin on February 1, 2025. If you're planning to apply, please make sure to submit your application by the deadline!",Start dates for Spring 2025 semester
26.5,Can you provide the start date for Spring 2025?,"Spring 2025 will start on February 1, 2025. Be sure to submit your application before the deadline if you're planning to apply!",Start dates for Spring 2025 semester
27.0,Can I apply online?,You can apply online through our website. Simply fill out the application form and upload the necessary documents.,Information about online applications
27.1,Is it possible to apply online?,You can apply online through our website. Simply fill out the application form and upload the necessary documents.,Information about online applications
27.2,How do I submit my application?,You can apply online through our website. Simply fill out the application form and upload the necessary documents.,Information about online applications
27.3,Can I complete my application online?,You can apply online through our website. Simply fill out the application form and upload the necessary documents.,Information about online applications
27.4,Is there an online application process?,You can apply online through our website. Simply fill out the application form and upload the necessary documents.,Information about online applications
27.5,What’s the procedure for applying online?,You can apply online through our website. Simply fill out the application form and upload the necessary documents.,Information about online applications
28.0,How do I track my application status?,You can track your application status through our online portal using your application ID.,Application status tracking
28.1,What’s the process to check my application status?,"To check your application status, use your application ID on our online portal.",Application status tracking
28.2,How can I find out the status of my application?,You can find out the status of your application by accessing our online portal with your application ID.,Application status tracking
28.3,Can I see my application status online?,"Yes, you can view your application status online by using your application ID in our portal.",Application status tracking
28.4,Is there a way to track my application progress?,"Yes, you can track your application progress through our online portal by entering your application ID.",Application status tracking
28.5,How can I verify my application status?,You can verify your application status by logging into our online portal with your application ID.,Application status tracking
29.0,Is there an application fee?,There is a non-refundable application fee of $50.,Information about the application fee
29.1,What is the application fee?,"The application fee is $50, and it is non-refundable.",Information about the application fee
29.2,Do I need to pay an application fee?,There is a non-refundable application fee of $50 that must be submitted with your application.,Information about the application fee
29.3,How much is the application fee?,"The application fee is $50, and it is non-refundable.",Information about the application fee
29.4,What’s the cost to apply?,The cost to apply is a non-refundable fee of $50.,Information about the application fee
29.5,Is the application fee refundable?,The application fee is $50 and it is non-refundable.,Information about the application fee
30.0,How long does it take to process an application?,It typically takes 4-6 weeks to process an application after all documents have been submitted.,Application processing timeline
30.1,What’s the application processing time?,The processing time for an application is usually 4-6 weeks after all required documents have been submitted.,Application processing timeline
30.2,How much time does it take to process applications?,Applications generally take about 4-6 weeks to process once all necessary documents have been received.,Application processing timeline
30.3,When can I expect a decision on my application?,It generally takes 4-6 weeks to process an application after all documents have been submitted.,Application processing timeline
30.4,How quickly are applications processed?,Applications are typically processed within 4-6 weeks after all required documents have been submitted.,Application processing timeline
30.5,What is the average processing time for applications?,The average processing time for applications is around 4-6 weeks after all required documents have been submitted.,Application processing timeline
31.0,What is the application process for transfer students?,"Transfer students need to submit their transcripts, a completed application form, and details of their previous coursework for credit evaluation.",Information on the transfer student application process
31.1,How can transfer students apply?,"Transfer students should submit their transcripts, complete the application form, and provide information about their previous coursework for credit evaluation.",Information on the transfer student application process
31.2,What do transfer students need to apply?,"Transfer students must submit their transcripts, an application form, and details about their prior coursework for evaluation of credit transfer.",Information on the transfer student application process
31.3,Can you explain the transfer application process?,"The application process for transfer students involves submitting transcripts, a completed application form, and information on previous coursework for evaluation.",Information on the transfer student application process
31.4,What are the steps for transfer students to apply?,"Transfer students should submit their transcripts, a filled application form, and a list of their previous coursework for credit evaluation.",Information on the transfer student application process
31.5,What documents are needed for transfer student applications?,"Transfer students need to submit their transcripts, an application form, and details of their prior coursework for credit evaluation.",Information on the transfer student application process
32.0,Can I transfer credits from another university?,"Transfer credits are accepted after evaluation by the admissions office, but they must meet specific criteria.",Information on transferring credits
32.1,Are credits from other universities transferable?,"Transfer credits are accepted upon evaluation by the admissions office, provided they meet certain criteria.",Information on transferring credits
32.2,How does the credit transfer process work?,Credits from other universities may be transferred after evaluation by the admissions office to ensure they meet specific criteria.,Information on transferring credits
32.3,What’s the process for transferring credits?,"Credits from other institutions can be transferred after an evaluation by the admissions office, but they must adhere to certain criteria.",Information on transferring credits
32.4,Will my previous university credits transfer?,"Previous university credits may be transferred after evaluation by the admissions office, provided they meet specific requirements.",Information on transferring credits
32.5,What are the requirements for transferring credits?,"To transfer credits, they must be evaluated by the admissions office and meet certain criteria established by the university.",Information on transferring credits
33.0,What degrees do you offer?,"We offer undergraduate, graduate, and doctoral degrees in fields like Computer Science, Business, Engineering, Medicine, and Humanities.",List of available degree programs
33.1,Can you list the degrees available?,"Our university offers undergraduate, graduate, and doctoral degrees in various fields including Computer Science, Business, Engineering, Medicine, and Humanities.",List of available degree programs
33.2,What types of degrees can I pursue here?,"We provide undergraduate, graduate, and doctoral degrees across disciplines such as Computer Science, Business, Engineering, Medicine, and Humanities.",List of available degree programs
33.3,What academic programs are available?,"We offer undergraduate, graduate, and doctoral degrees in areas like Computer Science, Business, Engineering, Medicine, and Humanities.",List of available degree programs
33.4,What levels of degrees do you provide?,"Our offerings include undergraduate, graduate, and doctoral degrees in disciplines such as Computer Science, Business, Engineering, Medicine, and Humanities.",List of available degree programs
33.5,Which degrees are available at your university?,"We have undergraduate, graduate, and doctoral programs in fields like Computer Science, Business, Engineering, Medicine, and Humanities.",List of available degree programs
34.0,What courses do you offer in Computer Science?,"We offer a range of Computer Science courses, including Artificial Intelligence, Data Science, Software Engineering, and Programming.",Available courses in the department
34.1,Can you list the Computer Science courses available?,"Our Computer Science program includes courses like Artificial Intelligence, Data Science, Software Engineering, and various Programming languages.",Available courses in the department
34.2,What subjects are included in the Computer Science curriculum?,"The Computer Science curriculum features courses such as Artificial Intelligence, Data Science, Software Engineering, and Programming.",Available courses in the department
34.3,What classes are part of the Computer Science program?,"We offer classes in Computer Science covering topics such as Artificial Intelligence, Data Science, Software Engineering, and Programming.",Available courses in the department
34.4,Which Computer Science topics do you cover?,"Our Computer Science program covers topics including Artificial Intelligence, Data Science, Software Engineering, and various Programming courses.",Available courses in the department
34.5,What can I study in Computer Science?,"In Computer Science, you can study a variety of subjects such as Artificial Intelligence, Data Science, Software Engineering, and Programming.",Available courses in the department
35.0,What programs do you offer in Business?,"We offer undergraduate and graduate programs in Business, including specializations in Marketing, Finance, Management, and Entrepreneurship.",Business program details
35.1,Can you tell me about the Business programs available?,"Our university provides undergraduate and graduate programs in Business, featuring specializations in Marketing, Finance, Management, and Entrepreneurship.",Business program details
35.2,What business degrees can I pursue?,"We offer both undergraduate and graduate degrees in Business with specializations such as Marketing, Finance, Management, and Entrepreneurship.",Business program details
35.3,What types of business programs do you have?,"We have undergraduate and graduate programs in Business that include specializations in Marketing, Finance, Management, and Entrepreneurship.",Business program details
35.4,What are the specializations in your Business programs?,"Our Business programs include specializations in areas like Marketing, Finance, Management, and Entrepreneurship at both undergraduate and graduate levels.",Business program details
35.5,Which Business fields can I specialize in?,"You can specialize in Marketing, Finance, Management, or Entrepreneurship through our undergraduate and graduate Business programs.",Business program details
36.0,What graduate programs do you offer?,"We offer graduate programs in several areas, including MBA, Data Science, Computer Science, Mechanical Engineering, and Biomedical Sciences.",Graduate programs available
36.1,Can you list the graduate programs available?,"Our graduate offerings include programs in MBA, Data Science, Computer Science, Mechanical Engineering, and Biomedical Sciences.",Graduate programs available
36.2,What are the options for graduate studies?,"We provide graduate programs in various fields such as MBA, Data Science, Computer Science, Mechanical Engineering, and Biomedical Sciences.",Graduate programs available
36.3,What types of master's programs do you have?,"We have master's programs available in areas including MBA, Data Science, Computer Science, Mechanical Engineering, and Biomedical Sciences.",Graduate programs available
36.4,Which graduate degrees can I pursue?,"You can pursue graduate degrees such as MBA, Data Science, Computer Science, Mechanical Engineering, and Biomedical Sciences at our university.",Graduate programs available
36.5,Are there specific graduate programs offered?,"We offer graduate programs such as MBA, Data Science, Computer Science, Mechanical Engineering, and Biomedical Sciences.",Graduate programs available
37.0,How many programs do you offer in total?,"We offer over 100 programs, including undergraduate, graduate, and doctoral degrees across fields like Business, Engineering, Arts, and Sciences.",Total number of programs offered
37.1,Can you provide the total number of academic programs available?,"Our university offers more than 100 programs, which encompass undergraduate, graduate, and doctoral degrees across various fields, including Business and Engineering.",Total number of programs offered
37.2,What’s the total count of programs you have?,"We have a total of over 100 programs, covering undergraduate, graduate, and doctoral degrees in disciplines like Business, Engineering, Arts, and Sciences.",Total number of programs offered
37.3,How extensive is your program offering?,"We offer more than 100 academic programs, including undergraduate, graduate, and doctoral degrees in areas such as Business, Engineering, Arts, and Sciences.",Total number of programs offered
37.4,What is the number of programs available at your institution?,"Our institution provides over 100 programs, which include undergraduate, graduate, and doctoral degrees across various disciplines, including Business and Sciences.",Total number of programs offered
37.5,How many different fields of study do you cover?,"We cover over 100 programs across multiple fields, including undergraduate, graduate, and doctoral degrees in Business, Engineering, Arts, and Sciences.",Total number of programs offered
38.0,Do you offer online courses or programs?,"We have a variety of online programs, especially for graduate and professional degrees. Check out our website for a full list of online offerings.",Online course and program availability
38.1,Are there online programs available?,"We offer a range of online programs, particularly for graduate and professional degrees. Visit our website for the complete list of online offerings.",Online course and program availability
38.2,What online courses do you provide?,"We provide a variety of online programs, focusing mainly on graduate and professional degrees. Please check our website for a detailed list of online options.",Online course and program availability
38.3,Can I take courses online?,"We offer various online courses, particularly in our graduate and professional programs. For more information, please refer to our website.",Online course and program availability
38.4,What types of online degrees are offered?,"We have several online degrees available, particularly in graduate and professional programs. Check our website for a comprehensive list of online offerings.",Online course and program availability
38.5,Are your graduate programs available online?,"Many of our graduate programs are available online. For a complete list of offerings, please visit our website.",Online course and program availability
39.0,Do you offer any pre-med or pre-law programs?,We offer pre-med and pre-law tracks that prepare students for medical or law school with specialized advising and courses.,Details on pre-professional programs
39.1,Are there programs for pre-med or pre-law students?,"We have pre-med and pre-law tracks designed to prepare students for medical and law school, including specialized advising and tailored courses.",Details on pre-professional programs
39.2,What is offered for students interested in pre-med or pre-law?,"We offer specialized tracks in pre-med and pre-law that prepare students for their respective professional schools, with advising and relevant coursework.",Details on pre-professional programs
39.3,Can you tell me about pre-med and pre-law offerings?,"Our university offers pre-med and pre-law tracks to help prepare students for medical or law school, with tailored advising and relevant courses.",Details on pre-professional programs
39.4,Do you have any preparatory programs for medical or law school?,We provide pre-med and pre-law tracks aimed at preparing students for medical and law school with specialized courses and advising.,Details on pre-professional programs
39.5,What tracks do you offer for pre-med and pre-law students?,We have dedicated pre-med and pre-law tracks that include specialized advising and courses to prepare students for their respective fields.,Details on pre-professional programs
40.0,Do you offer any accelerated degree programs?,"We offer several accelerated degree programs that allow students to complete their degrees faster, typically within 3 years.",Information on accelerated degree programs
40.1,Can you explain the accelerated degree options available?,"We provide several accelerated degree programs that enable students to finish their degrees more quickly, generally within 3 years.",Information on accelerated degree programs
40.2,What accelerated programs are available?,"We have various accelerated degree programs designed for students to complete their studies faster, usually within a span of 3 years.",Information on accelerated degree programs
40.3,How fast can I complete a degree through your accelerated programs?,"Through our accelerated degree programs, students can often complete their degrees in as little as 3 years.",Information on accelerated degree programs
40.4,What’s the duration of your accelerated degree programs?,"Our accelerated degree programs are structured to be completed in a shorter time frame, typically within 3 years.",Information on accelerated degree programs
40.5,Are there any fast-track degree options?,"We offer fast-track or accelerated degree programs that allow students to graduate faster, usually within 3 years.",Information on accelerated degree programs
41.0,Can I take courses from different programs?,You can take elective courses from different programs as long as they fit into your degree plan and have no prerequisite restrictions.,Course flexibility across programs
41.1,Is it possible to enroll in classes across various programs?,You can enroll in elective courses from different programs as long as they align with your degree plan and do not have prerequisite restrictions.,Course flexibility across programs
41.2,Can I mix courses from different fields of study?,Absolutely! You can take elective courses from different fields as long as they fit within your degree plan and don't have any prerequisite limitations.,Course flexibility across programs
41.3,Are students allowed to take classes in multiple disciplines?,Students can take classes in multiple disciplines as long as they align with their degree requirements and do not have prerequisite issues.,Course flexibility across programs
41.4,Can I choose electives from other programs?,"You can select electives from various programs, provided they fit into your overall degree plan and do not have prerequisite constraints.",Course flexibility across programs
41.5,Am I allowed to take courses outside my major?,You can take courses outside your major as long as they are elective courses that fit your degree requirements and do not have any prerequisites.,Course flexibility across programs
42.0,How do I register for classes?,You can register for classes through the online student portal during the registration period. Be sure to consult your advisor for guidance.,Class registration process
42.1,What’s the process for enrolling in classes?,"To enroll in classes, log into the online student portal during the registration period and consult your advisor for any necessary guidance.",Class registration process
42.2,Can you explain how to sign up for classes?,You can sign up for classes by accessing the online student portal during the registration window. Don't forget to consult your advisor for assistance.,Class registration process
42.3,How can I enroll in my courses?,You can enroll in courses through the online student portal during the designated registration period. It's also a good idea to check in with your advisor for advice.,Class registration process
42.4,Where do I go to register for my classes?,Registration for classes can be done through the online student portal during the registration period. Be sure to talk to your advisor for any needed guidance.,Class registration process
42.5,What steps do I need to follow to register for classes?,"To register for classes, log into the online student portal during the registration period and consult with your advisor for any specific recommendations.",Class registration process
43.0,What’s the class size for undergraduate courses?,"Our undergraduate class sizes vary, but most classes have 25-40 students to ensure personalized attention from instructors.",Class size details for undergraduate courses
43.1,How large are undergraduate classes?,"The size of undergraduate classes typically ranges from 25 to 40 students, allowing for more personalized interaction with instructors.",Class size details for undergraduate courses
43.2,Can you tell me about the average class size for undergraduates?,"Most undergraduate classes have between 25 and 40 students, promoting a more engaging learning environment with individualized attention from faculty.",Class size details for undergraduate courses
43.3,What is the typical enrollment in undergraduate courses?,"Undergraduate course sizes usually range from 25 to 40 students, facilitating a more personalized experience with instructors.",Class size details for undergraduate courses
43.4,What are the usual class sizes for your undergraduate programs?,"Generally, undergraduate class sizes range from 25 to 40 students, ensuring that students receive personalized attention from their instructors.",Class size details for undergraduate courses
43.5,How many students are in a typical undergraduate class?,"Most undergraduate classes contain between 25 and 40 students, which helps maintain a close relationship with instructors and enhances the learning experience.",Class size details for undergraduate courses
44.0,What’s the student-to-faculty ratio?,"The student-to-faculty ratio is 15:1, allowing for a close-knit learning environment.",Student-to-faculty ratio information
44.1,How many students are there for each faculty member?,"Our student-to-faculty ratio is 15:1, promoting a close-knit and supportive learning environment for all students.",Student-to-faculty ratio information
44.2,What is the ratio of students to faculty?,"We maintain a student-to-faculty ratio of 15:1, which fosters a more intimate learning atmosphere and facilitates personalized interactions with instructors.",Student-to-faculty ratio information
44.3,Can you provide information about the student-to-faculty ratio?,"The student-to-faculty ratio at our university is 15:1, which contributes to a close and supportive learning environment for our students.",Student-to-faculty ratio information
44.4,What does the student-faculty ratio look like?,"Our university has a student-to-faculty ratio of 15:1, allowing for a close-knit educational setting that benefits student learning and interaction.",Student-to-faculty ratio information
44.5,How close is the student-to-faculty ratio?,"The student-to-faculty ratio is 15:1, which helps to create a supportive and engaging learning environment for our students.",Student-to-faculty ratio information
45.0,What research opportunities are available?,"We offer a variety of research opportunities in fields like Engineering, Biomedical Sciences, and AI. Undergraduate students can also participate.",Research opportunities for students
45.1,Can you tell me about research options at your university?,"We provide a range of research opportunities in areas such as Engineering, Biomedical Sciences, and AI, with participation available for undergraduate students as well.",Research opportunities for students
45.2,What kind of research can students engage in?,"Our university offers diverse research opportunities across fields like Engineering, Biomedical Sciences, and AI, and undergraduates are welcome to participate.",Research opportunities for students
45.3,Are there any research projects for students?,"We offer various research projects in fields such as Engineering, Biomedical Sciences, and AI, and undergraduate students can get involved as well.",Research opportunities for students
45.4,What research fields can students explore?,"Students have access to various research opportunities in areas like Engineering, Biomedical Sciences, and AI, with options for undergraduate participation.",Research opportunities for students
45.5,Can undergraduates participate in research?,"We have numerous research opportunities available in fields like Engineering, Biomedical Sciences, and AI that undergraduate students can participate in.",Research opportunities for students
46.0,Do you offer internships or co-op programs?,We have partnerships with local and international companies offering internships and co-op programs across different fields of study.,Internship and co-op programs available
46.1,Are there any internship or co-op opportunities available?,We partner with local and international companies to provide internships and co-op programs across various fields of study.,Internship and co-op programs available
46.2,Can you tell me about your internship and co-op options?,We collaborate with both local and international organizations to offer a range of internships and co-op programs in different fields.,Internship and co-op programs available
46.3,What types of internship programs do you provide?,Our university partners with local and international companies to offer a variety of internships and co-op programs in diverse fields of study.,Internship and co-op programs available
46.4,Is there a co-op program available at your university?,We have partnerships with both local and international companies that offer internships and co-op programs across various fields.,Internship and co-op programs available
46.5,Can students participate in internships or co-op programs?,We provide students with opportunities to participate in internships and co-op programs through our partnerships with local and international companies.,Internship and co-op programs available
47.0,Can you tell me more about your study abroad programs?,"We offer study abroad programs in partnership with universities in Europe, Asia, and North America. These programs last from one semester to a year.",Information on study abroad opportunities
47.1,What study abroad opportunities do you have?,"We provide study abroad programs in collaboration with universities across Europe, Asia, and North America, typically lasting from one semester to one year.",Information on study abroad opportunities
47.2,How does your study abroad program work?,"Our study abroad programs are offered in partnership with universities in Europe, Asia, and North America, with durations ranging from one semester to a full academic year.",Information on study abroad opportunities
47.3,What can you tell me about studying abroad through your university?,"We offer various study abroad programs with partner universities in Europe, Asia, and North America, allowing students to study for one semester or up to a year.",Information on study abroad opportunities
47.4,Are there options for students to study abroad?,"We have study abroad programs available in partnership with universities in Europe, Asia, and North America, lasting anywhere from one semester to a full year.",Information on study abroad opportunities
47.5,Can you explain your study abroad offerings?,"Our university has study abroad programs in collaboration with institutions in Europe, Asia, and North America, with options ranging from one semester to an entire year.",Information on study abroad opportunities
48.0,What’s your campus like?,"Our campus is spacious and modern, featuring state-of-the-art facilities, libraries, research labs, sports complexes, and green spaces.",Campus facilities and environment
48.1,Can you describe your campus environment?,"Our campus boasts a spacious and modern design, equipped with state-of-the-art facilities, libraries, research labs, sports complexes, and plenty of green spaces.",Campus facilities and environment
48.2,What facilities are available on campus?,"Our campus offers modern and spacious facilities, including libraries, research labs, sports complexes, and expansive green spaces for students to enjoy.",Campus facilities and environment
48.3,How would you describe the campus atmosphere?,"The campus is spacious and contemporary, featuring advanced facilities, libraries, research laboratories, sports complexes, and lush green areas for students to relax and study.",Campus facilities and environment
48.4,What kind of facilities does your university have?,"Our university features a modern and expansive campus with state-of-the-art facilities, including libraries, research labs, sports complexes, and green areas for leisure.",Campus facilities and environment
48.5,Is your campus well-equipped?,"Our campus is equipped with modern amenities, including spacious libraries, research labs, sports complexes, and beautiful green spaces for students.",Campus facilities and environment
49.0,Are there any clubs or organizations for students?,"We have over 100 student clubs and organizations, ranging from academic and professional groups to social and cultural clubs.",Student clubs and organizations
49.1,What kinds of student organizations are available?,"Our university offers more than 100 student clubs and organizations, covering a range of academic, professional, social, and cultural interests.",Student clubs and organizations
49.2,Can you tell me about student clubs and organizations?,"We have a diverse array of over 100 student clubs and organizations that cater to academic, professional, social, and cultural interests.",Student clubs and organizations
49.3,How many clubs do you have for students?,"There are over 100 clubs and organizations at our university, including academic, professional, social, and cultural groups for students to join.",Student clubs and organizations
49.4,What student organizations are on campus?,"We offer a variety of over 100 student clubs and organizations, encompassing academic, professional, social, and cultural activities for students.",Student clubs and organizations
49.5,Are there extracurricular activities available for students?,"We provide more than 100 student clubs and organizations that cover a wide range of academic, professional, social, and cultural interests.",Student clubs and organizations
50.0,Do you offer on-campus housing?,We offer on-campus housing for both undergraduate and graduate students. Housing options include dormitories and apartment-style living.,On-campus housing details
50.1,Is there housing available on campus?,"We provide on-campus housing for undergraduate and graduate students, with options such as dormitories and apartment-style living.",On-campus housing details
50.2,What kind of housing do you have for students?,"Our university offers on-campus housing for both undergraduate and graduate students, featuring options like dormitories and apartment-style accommodations.",On-campus housing details
50.3,Can you explain the housing options available?,"We provide on-campus housing for both undergraduate and graduate students, including a variety of options such as dormitories and apartment-style living arrangements.",On-campus housing details
50.4,Are students able to live on campus?,"We offer on-campus housing for both undergraduate and graduate students, with various options including dormitories and apartment-style living facilities.",On-campus housing details
50.5,What types of on-campus accommodations do you provide?,"We provide on-campus housing for undergraduate and graduate students, including dormitories and apartment-style living options.",On-campus housing details
51.0,How do I apply for campus housing?,You can apply for campus housing through the online housing portal after you've been accepted to the university.,Campus housing application process
51.1,What’s the process for applying for housing on campus?,"To apply for campus housing, visit the online housing portal after your acceptance to the university.",Campus housing application process
51.2,Can you explain how to apply for on-campus housing?,You can submit your application for on-campus housing via the online housing portal once you’ve been accepted into the university.,Campus housing application process
51.3,Where can I find the housing application?,The application for campus housing is available through the online housing portal after you receive your acceptance from the university.,Campus housing application process
51.4,When can I apply for campus housing?,You may apply for campus housing through the online housing portal once you have been accepted to the university.,Campus housing application process
51.5,Is there an online portal for campus housing applications?,You can apply for campus housing through the online housing portal after your acceptance to the university.,Campus housing application process
52.0,What facilities are available on campus?,"The campus includes modern lecture halls, libraries, computer labs, gyms, and recreational spaces. There's also a student center with dining options.",Available campus facilities
52.1,Can you list the facilities available on campus?,"Our campus features modern lecture halls, libraries, computer labs, gyms, and recreational areas, along with a student center offering dining options.",Available campus facilities
52.2,What amenities can students find on campus?,"Students can enjoy modern lecture halls, libraries, computer labs, gyms, recreational spaces, and a student center with dining options on campus.",Available campus facilities
52.3,Are there any specific facilities for students on campus?,"Our campus offers a range of facilities including modern lecture halls, libraries, computer labs, gyms, and recreational spaces, plus a student center with dining options.",Available campus facilities
52.4,What types of facilities does your university have?,"Our campus includes modern lecture halls, libraries, computer labs, gyms, recreational areas, and a student center with various dining options.",Available campus facilities
52.5,Can you tell me more about the campus facilities?,"The campus is equipped with modern lecture halls, libraries, computer labs, gyms, and recreational spaces, as well as a student center with dining facilities.",Available campus facilities
53.0,Are there any fitness or recreational facilities?,"We have a gym, swimming pool, basketball courts, and other fitness and recreational facilities available to all students.",Fitness and recreational facilities
53.1,What kind of fitness facilities are on campus?,"Our campus offers a gym, swimming pool, basketball courts, and various other fitness and recreational facilities for students.",Fitness and recreational facilities
53.2,Can students access fitness and recreational facilities?,"All students have access to our gym, swimming pool, basketball courts, and a variety of fitness and recreational facilities.",Fitness and recreational facilities
53.3,What recreational activities can students participate in?,"Students can take advantage of our gym, swimming pool, basketball courts, and other fitness and recreational facilities available on campus.",Fitness and recreational facilities
53.4,Are there facilities for exercise and sports?,"Our campus features a gym, swimming pool, basketball courts, and a range of other fitness and recreational facilities for student use.",Fitness and recreational facilities
53.5,What options do you have for fitness and recreation?,"We provide a gym, swimming pool, basketball courts, and various fitness and recreational facilities available for all students.",Fitness and recreational facilities
54.0,What dining options are available on campus?,"We have multiple dining halls and cafes on campus, offering a variety of meal options, including vegetarian and vegan choices.",Campus dining options
54.1,Can you tell me about the food options available on campus?,"Our campus features multiple dining halls and cafes, providing a variety of meal options, including vegetarian and vegan selections.",Campus dining options
54.2,What kind of food services does your university provide?,"We offer various dining options on campus, including multiple dining halls and cafes with a range of meal choices, including vegetarian and vegan options.",Campus dining options
54.3,Are there different places to eat on campus?,"We have multiple dining halls and cafes offering a diverse range of meal options, including vegetarian and vegan choices.",Campus dining options
54.4,What are the meal options for students?,"Our campus provides several dining halls and cafes with a variety of meal options, including vegetarian and vegan selections for students.",Campus dining options
54.5,Do you have vegetarian or vegan dining options?,"Our campus dining facilities include multiple options, catering to various dietary needs, including vegetarian and vegan choices.",Campus dining options
55.0,How safe is the campus?,"Our campus is very safe with 24/7 security services, CCTV monitoring, and emergency alert systems in place.",Campus safety information
55.1,What security measures are in place on campus?,"Our campus is equipped with 24/7 security services, CCTV monitoring, and emergency alert systems to ensure safety.",Campus safety information
55.2,Can you describe the campus safety features?,"The campus prioritizes safety with 24/7 security services, CCTV surveillance, and emergency alert systems for all students and staff.",Campus safety information
55.3,How does the university ensure student safety?,"Our campus maintains safety through 24/7 security services, CCTV monitoring, and emergency alert systems for the well-being of our community.",Campus safety information
55.4,Is campus security available at all times?,"Our campus features 24/7 security services, along with CCTV monitoring and emergency alert systems to ensure a safe environment.",Campus safety information
55.5,What is the safety protocol for students?,"The campus is very secure, offering 24/7 security services, CCTV surveillance, and emergency alert systems to keep students safe.",Campus safety information
56.0,Are there any career services for students?,"Our career services team provides job search assistance, resume writing workshops, and career counseling for students and alumni.",Career support services available
56.1,What kind of career services do you offer?,"We offer job search assistance, resume writing workshops, and career counseling for both students and alumni through our career services team.",Career support services available
56.2,Can you tell me about the career support available to students?,"Our career services provide job search assistance, resume workshops, and career counseling to help students and alumni in their career paths.",Career support services available
56.3,What resources are available for student career development?,"Our career services team offers job search assistance, resume writing workshops, and career counseling for students and alumni.",Career support services available
56.4,How can students access career services?,"Students can access career services for job search help, resume workshops, and career counseling, all provided by our dedicated team.",Career support services available
56.5,Are there any workshops for career readiness?,"Our career services offer workshops on job searching, resume writing, and personalized career counseling for students and alumni.",Career support services available
57.0,Can alumni use career services after graduation?,"Alumni have lifetime access to our career services, including job search resources, resume reviews, and networking opportunities.",Career services for alumni
57.1,Are graduates allowed to use career services?,"Alumni can access our career services for life, benefiting from job search resources, resume reviews, and networking opportunities.",Career services for alumni
57.2,What support do alumni receive from career services?,"Alumni are entitled to lifetime access to career services, including job search assistance, resume evaluations, and networking opportunities.",Career services for alumni
57.3,Do former students have access to career support?,"Alumni can use our career services indefinitely, accessing resources like job searches, resume reviews, and networking opportunities.",Career services for alumni
57.4,Can graduates get help with job searches?,"Alumni enjoy lifetime access to our career services, providing assistance with job searches, resume reviews, and networking opportunities.",Career services for alumni
57.5,What benefits do alumni receive from career services?,"Alumni can access career services for life, including resources for job searches, resume feedback, and networking opportunities.",Career services for alumni
58.0,Do you have any job fairs on campus?,We host several job fairs throughout the year where students can meet with potential employers and explore career opportunities.,On-campus job fairs
58.1,When are the job fairs held on campus?,"We organize multiple job fairs annually, providing students the chance to connect with potential employers and explore job opportunities.",On-campus job fairs
58.2,What types of events are job fairs?,"Our campus hosts various job fairs during the year, allowing students to meet potential employers and learn about career opportunities.",On-campus job fairs
58.3,How often do you host job fairs?,We hold several job fairs each year where students can engage with potential employers and discover career paths.,On-campus job fairs
58.4,Are there opportunities to meet employers on campus?,We regularly host job fairs on campus where students can interact with employers and explore various career opportunities.,On-campus job fairs
58.5,Can you provide details about upcoming job fairs?,"We have multiple job fairs scheduled throughout the year, offering students opportunities to meet with potential employers.",On-campus job fairs
59.0,Can you help me with finding a part-time job on campus?,We have a work-study program that helps students find part-time jobs on campus to support their studies.,On-campus part-time job opportunities
59.1,Is there assistance for finding part-time jobs on campus?,Our work-study program assists students in securing part-time jobs on campus to help support their education.,On-campus part-time job opportunities
59.2,What resources are available for finding part-time work?,Our work-study program is designed to help students find part-time jobs on campus that complement their studies.,On-campus part-time job opportunities
59.3,Are there job opportunities available for students on campus?,We offer a work-study program that helps students find part-time employment on campus to support their academic endeavors.,On-campus part-time job opportunities
59.4,How can I get a part-time job while studying?,We facilitate a work-study program that assists students in finding part-time jobs on campus to support their studies.,On-campus part-time job opportunities
59.5,Can I find campus jobs through your programs?,"Our work-study program helps students secure part-time positions on campus, making it easier to balance work and studies.",On-campus part-time job opportunities
60.0,Are there any tutoring services available?,"We offer free tutoring services for students in subjects like Math, Science, and Writing. You can book sessions through the student portal.",Tutoring services information
60.1,What kind of tutoring is offered?,"Our tutoring services are free for students in subjects like Math, Science, and Writing, with sessions bookable through the student portal.",Tutoring services information
60.2,How can I get tutoring help?,"We provide free tutoring services in various subjects such as Math, Science, and Writing, and you can book sessions via the student portal.",Tutoring services information
60.3,Are tutoring sessions available for students?,"We offer complimentary tutoring services in subjects like Math, Science, and Writing, with the option to book sessions online.",Tutoring services information
60.4,Where can I find tutoring services?,"Our free tutoring services are available for subjects like Math, Science, and Writing, and you can easily schedule sessions through the student portal.",Tutoring services information
60.5,Can I access tutoring for specific subjects?,"We offer free tutoring for subjects including Math, Science, and Writing, which you can book through the student portal.",Tutoring services information
61.0,What kind of academic support do you offer?,"We offer academic advising, tutoring, writing centers, and study skills workshops to help students succeed academically.",Academic support services offered
61.1,Can you describe the academic support services available?,"Our academic support includes advising, tutoring, writing centers, and workshops focused on study skills to promote academic success.",Academic support services offered
61.2,What support is available for academic success?,"We provide academic advising, tutoring, writing assistance, and study skills workshops to ensure students achieve their academic goals.",Academic support services offered
61.3,How can students get academic help?,"We offer academic support through advising, tutoring services, writing centers, and workshops to help students excel in their studies.",Academic support services offered
61.4,What resources are there for student academic assistance?,"We provide a range of academic support services, including advising, tutoring, writing centers, and workshops on effective study skills.",Academic support services offered
61.5,Are there any programs to help students academically?,"We have academic advising, tutoring, writing centers, and study skills workshops designed to assist students in their academic journey.",Academic support services offered
62.0,What’s the grading system like?,"We use a standard letter grading system: A (Excellent), B (Good), C (Average), D (Below Average), and F (Fail). GPA is calculated accordingly.",Grading system details
62.1,How do grades work at your university?,"Our grading system follows a standard letter scale: A (Excellent), B (Good), C (Average), D (Below Average), and F (Fail), with GPA calculated accordingly.",Grading system details
62.2,Can you explain your grading scale?,"We implement a letter grading system where A is Excellent, B is Good, C is Average, D is Below Average, and F is Fail. GPA is calculated based on these grades.",Grading system details
62.3,What is the university’s grading policy?,"We utilize a standard letter grading system: A (Excellent), B (Good), C (Average), D (Below Average), and F (Fail), and GPA is derived from these grades.",Grading system details
62.4,How is the GPA calculated?,"We follow a standard letter grading system (A, B, C, D, F) to assess student performance, with GPA calculated based on these grades.",Grading system details
62.5,What is the evaluation method for students?,"We use a standard letter grading system consisting of A (Excellent), B (Good), C (Average), D (Below Average), and F (Fail), with GPA calculated from these grades.",Grading system details
63.0,What’s your attendance policy?,"Attendance is mandatory for most courses, and missing too many classes can result in a lower grade or academic probation.",Attendance policy information
63.1,How important is attendance at your university?,"Attendance is crucial for most courses, and excessive absences may lead to a lower grade or even academic probation.",Attendance policy information
63.2,What are the rules regarding class attendance?,"Attendance is required for most classes, and failing to attend frequently may affect grades or result in academic probation.",Attendance policy information
63.3,Are there any consequences for poor attendance?,Attendance is mandatory for most courses; missing too many classes may lead to a lower grade or academic probation.,Attendance policy information
63.4,How does attendance impact academic performance?,"Regular attendance is essential, as missing classes may result in a lower grade or academic probation due to poor participation.",Attendance policy information
63.5,Is attendance required in all classes?,"Most courses require attendance, and students may face consequences such as lower grades or academic probation for excessive absences.",Attendance policy information
64.0,How do I declare or change my major?,"You can declare or change your major by submitting a request through the academic advising office, usually after completing your first year.",Process for declaring or changing a major
64.1,What’s the process for declaring a major?,"To declare or change your major, submit a request through the academic advising office after completing your first year of study.",Process for declaring or changing a major
64.2,Can I change my major after enrolling?,"You can change or declare your major by submitting a request through the academic advising office, typically after your first year.",Process for declaring or changing a major
64.3,What steps do I need to take to change my major?,"You need to submit a request to the academic advising office to declare or change your major, generally after finishing your first year.",Process for declaring or changing a major
64.4,Is there a procedure for declaring a new major?,Students can declare or change their major by submitting a request through the academic advising office after their first year.,Process for declaring or changing a major
64.5,How can I officially declare my major?,"To declare or change your major, you need to submit a request through the academic advising office, usually done after your first year.",Process for declaring or changing a major
65.0,Do you offer any honors programs?,"We have an honors program for high-achieving students, offering advanced coursework, research opportunities, and special recognition at graduation.",Information on honors programs
65.1,What is your honors program like?,"Our honors program provides advanced coursework, research opportunities, and special recognition at graduation for academically talented students.",Information on honors programs
65.2,Are there honors options for students?,"We offer an honors program designed for high-achieving students, which includes advanced coursework and special recognition at graduation.",Information on honors programs
65.3,What benefits do honors students receive?,"Honors students enjoy advanced coursework, exclusive research opportunities, and special recognition during graduation.",Information on honors programs
65.4,How can I join the honors program?,"High-achieving students can join our honors program, which offers advanced coursework and unique opportunities, with special recognition at graduation.",Information on honors programs
65.5,Is there an honors curriculum available?,"We offer an honors program that includes advanced coursework, research opportunities, and special recognition for high-achieving students at graduation.",Information on honors programs
66.0,What kind of support do you offer for students with disabilities?,"We offer a range of support services for students with disabilities, including accessibility accommodations, assistive technologies, and counseling.",Support for students with disabilities
66.1,How do you assist students with disabilities?,"We provide various support services for students with disabilities, such as accessibility accommodations, assistive technology, and counseling services.",Support for students with disabilities
66.2,Are there resources for students with disabilities?,"We offer comprehensive support services for students with disabilities, including accommodations, assistive technologies, and counseling.",Support for students with disabilities
66.3,What services are available for disabled students?,"Our university provides support services for students with disabilities, including accessibility accommodations, assistive technology, and counseling options.",Support for students with disabilities
66.4,Can you explain the support for students with disabilities?,"We offer a variety of support services for students with disabilities, such as accessibility accommodations, assistive technologies, and counseling resources.",Support for students with disabilities
66.5,What types of accommodations do you provide for disabled students?,"We provide various support services for students with disabilities, including accessibility accommodations, assistive technologies, and counseling services.",Support for students with disabilities
67.0,What’s the process for applying for a PhD program?,"The PhD application process involves submitting your transcripts, research proposal, letters of recommendation, and GRE scores.",PhD application process
67.1,How do I apply for a PhD program?,"To apply for a PhD program, you need to submit your transcripts, research proposal, letters of recommendation, and GRE scores.",PhD application process
67.2,What do I need to apply for a PhD?,"The application process for a PhD program requires transcripts, a research proposal, letters of recommendation, and GRE scores.",PhD application process
67.3,Can you outline the PhD application requirements?,"For the PhD application, you need to provide your transcripts, research proposal, letters of recommendation, and GRE scores.",PhD application process
67.4,What is involved in the PhD application process?,"The PhD application process includes submitting your transcripts, a research proposal, letters of recommendation, and GRE scores.",PhD application process
67.5,What steps should I take to apply for a PhD program?,"To apply for a PhD program, you must submit transcripts, a research proposal, letters of recommendation, and GRE scores as part of your application.",PhD application process
68.0,Do you offer online PhD programs?,"We offer some online PhD programs, particularly in fields like Education and Business. Please check our website for specific details.",Information on online PhD programs
68.1,Are there PhD programs available online?,"We have online PhD programs available, especially in areas like Education and Business. Visit our website for more details.",Information on online PhD programs
68.2,What online PhD programs do you have?,"We offer online PhD programs in various fields, primarily in Education and Business. For more information, please check our website.",Information on online PhD programs
68.3,Can I pursue a PhD online?,"We provide some online PhD programs, particularly in fields such as Education and Business. Please visit our website for specifics.",Information on online PhD programs
68.4,Is there an option for online PhD studies?,"We have online PhD programs in select fields, including Education and Business. Please refer to our website for further information.",Information on online PhD programs
68.5,What fields offer online PhD programs?,"Our online PhD programs are available in various disciplines, particularly in Education and Business. Check our website for full details.",Information on online PhD programs
69.0,Do you offer executive education programs?,"We offer executive education programs for working professionals in areas like Leadership, Business Management, and Data Analytics.",Executive education programs offered
69.1,What types of programs are available for professionals?,"We provide executive education programs tailored for working professionals in Leadership, Business Management, and Data Analytics.",Executive education programs offered
69.2,Are there programs for executives?,"We have executive education programs designed for working professionals, focusing on Leadership, Business Management, and Data Analytics.",Executive education programs offered
69.3,Can you tell me about your executive education offerings?,"Our executive education programs cater to working professionals in areas like Leadership, Business Management, and Data Analytics.",Executive education programs offered
69.4,What executive programs do you provide?,"We offer a variety of executive education programs for professionals, especially in Leadership, Business Management, and Data Analytics.",Executive education programs offered
69.5,Is there an executive education program for busy professionals?,"We offer executive education programs aimed at busy professionals in areas such as Leadership, Business Management, and Data Analytics.",Executive education programs offered
70.0,How can I contact the admissions office?,You can contact the admissions office via email at admissions@university.edu or call us at 1-800-123-4567.,Contact information for the admissions office
70.1,What is the best way to reach the admissions office?,You can reach the admissions office by emailing admissions@university.edu or calling 1-800-123-4567 for assistance.,Contact information for the admissions office
70.2,Can you provide the contact details for admissions?,Sure! You can contact the admissions office by email at admissions@university.edu or by phone at 1-800-123-4567.,Contact information for the admissions office
70.3,How do I get in touch with the admissions office?,"To get in touch with the admissions office, you can email admissions@university.edu or call us at 1-800-123-4567.",Contact information for the admissions office
70.4,What’s the contact information for the admissions office?,You can contact the admissions office at admissions@university.edu or call 1-800-123-4567 for inquiries.,Contact information for the admissions office
70.5,Is there a phone number for the admissions office?,You can reach the admissions office at 1-800-123-4567 or email us at admissions@university.edu for more information.,Contact information for the admissions office
71.0,What are the office hours for student services?,Student services are available Monday through Friday from 9 AM to 5 PM. You can also access some services online.,Office hours for student services
71.1,When is student services open?,"Student services are open Monday to Friday from 9 AM to 5 PM, with some services available online as well.",Office hours for student services
71.2,What times can I visit student services?,"Student services operate Monday through Friday, from 9 AM to 5 PM, and some services can be accessed online.",Office hours for student services
71.3,Are student services available on weekends?,Student services are available Monday through Friday from 9 AM to 5 PM; some services are accessible online.,Office hours for student services
71.4,What are the hours for student services?,"Our student services are available Monday to Friday from 9 AM to 5 PM. Additionally, some services can be accessed online.",Office hours for student services
71.5,Can I access student services outside of office hours?,"Student services are open Monday through Friday from 9 AM to 5 PM, with some online services available outside of those hours.",Office hours for student services
